Region,Total_Revenue,Avg_Order_Value,Order_Count,Customer_Count,Units_Sold,Revenue_Share_Pct
East,318581.3714682642,107.33873701760923,2968,1553,14704,29.534619687573155
Central,275688.1797832018,108.32541445312447,2545,1435,12702,25.558134503376845
West,272330.95570529293,108.41200465975037,2512,1436,12703,25.246897421654136
South,212070.4725185887,107.37745443979175,1975,1257,9956,19.660348387395867
